"pathway","pval","padj","log2err","ES","NES","size","leadingEdge"
"HALLMARK_MYC_TARGETS_V1",2.24690613780281e-17,1.1234530689014e-15,1.07686819261983,0.550974276003528,2.51582034796177,193,"LDHA;PGK1;PSMD14;PSMD7;PSMB2;PRDX4;XPOT;SRM;PSMA7;EIF2S2;PSMA1;NAP1L1;CCT3;RAN;SSB;ACP1;CCT4;POLD2;CBX3;NME1;GLO1;PTGES3;SSBP1;EXOSC7;NCBP2;PSMD1;SNRPB2;AP3S1;CCT7;VBP1;MAD2L1;LSM2;PCNA;PSMB3;PSMD8;NPM1;RANBP1;MRPL9;DEK;CDK4;PSMC4;CSTF2;CDC45;YWHAQ;HPRT1;SNRPD3;NOP56;SNRPG;AIMP2;UBE2E1;SNRPA1;EIF2S1;NHP2;PSMA4;CCNA2;HSP90AB1;CCT5;HDDC2;HDGF;RUVBL2;VDAC1;HSPD1;PPM1G;EIF1AX;SRPK1;SNRPD1;RAD23B;PPIA;BUB3;COPS5;RPL14;TCP1;UBE2L3;EIF3B;PWP1;ERH;MYC;SF3B3;PSMC6;RSL1D1;RFC4;CCT2;PA2G4;XPO1;CLNS1A;HDAC2;CAD;CTPS1;ORC2;SET;TFDP1;RPS2;RRP9;HSPE1;CNBP;SNRPA;LSM7"
"HALLMARK_INTERFERON_ALPHA_RESPONSE",1.86551604143684e-14,4.65769405641078e-13,0.97599468306432,0.640399600044819,2.63294236415372,93,"LY6E;IFITM3;CXCL11;PROCR;IFITM1;EPSTI1;IFI44;PARP14;UBE2L6;CD47;CXCL10;BST2;PARP9;NMI;RIPK2;MX1;EIF2AK2;OAS1;USP18;HERC6;IFIT2;IFI44L;HELZ2;NUB1;PSMB9;IFIT3;PSMA3;OGFR;TAP1;BATF2;LAMP3;PLSCR1;GBP4;ADAR;LAP3;ISG15;GBP2;PNPT1;IFI27;PSME2;IFIH1"
"HALLMARK_MTORC1_SIGNALING",2.79461643384647e-14,4.65769405641078e-13,0.97599468306432,0.527072040238384,2.39931377090409,189,"PHGDH;TRIB3;SLC6A6;LDHA;PGK1;PSMD14;SCD;PRDX1;PSMC2;ENO1;BHLHE40;G6PD;CYB5B;PSAT1;EIF2S2;ERO1A;PSPH;P4HA1;ELOVL5;MTHFD2;SHMT2;SLC2A1;PPA1;ME1;GAPDH;YKT6;SLC7A5;FADS1;RRM2;PSMA3;TUBG1;SLC7A11;SORD;DHCR7;EEF1E1;CCT6A;ASNS;ACLY;TPI1;SSR1;DDIT4;PSMG1;TXNRD1;AURKA;TUBA4A;CACYBP;EBP;PSMD13;PSMC4;HPRT1;TM7SF2;SRD5A1;STIP1;MLLT11;PLK1;AK4;SQLE;SLC1A4;INSIG1;HSP90B1;PSMD12;PSMA4;DDIT3;PSMB5;PNO1;ARPC5L;HSPD1;SERPINH1;RDH11;PDAP1;ALDOA;UFM1;HSPA4;PSME3;GMPS;PPIA;GPI;COPS5;GGA2;QDPR;DHCR24;CCNF;CALR;M6PR"
"HALLMARK_E2F_TARGETS",6.87883473105055e-10,8.59854341381319e-09,0.801215574617779,0.46595924444374,2.12978840372456,192,"CDC25B;CDKN2A;PRDX4;CDCA3;NAP1L1;RAN;CSE1L;MTHFD2;TUBB;CDK1;EXOSC8;POLD2;SPC25;NME1;UBE2T;CKS1B;RRM2;RNASEH2A;HMGA1;TUBG1;MYBL2;MAD2L1;POP7;PCNA;RPA3;CDKN3;AURKA;RBBP7;RANBP1;PTTG1;PRPS1;PAICS;DEK;CDK4;LYAR;AURKB;RFC3;BIRC5;NOP56;DSCC1;PLK1;TRIP13;NUDT21;EIF2S1;PSMC3IP;HMGB3;SMC1A;TBRG4;NUP107;MKI67;CCNE1;ORC6;DNMT1;UBE2S;SNRPB;SLBP;MYC;SUV39H1;PMS2;CKS2;BRCA2;MELK;PA2G4;ANP32E;XPO1;TFRC;RAD51C;AK2;CCNB2;DIAPH3;KIF2C;CTPS1;RAD51AP1;ORC2;POLA2;TACC3;PHF5A;CDCA8;STMN1;POLE4;CHEK1;SSRP1;TMPO;TIMELESS;IPO7;ASF1B;LIG1;ASF1A;GINS1;CENPE;RAD50;RAD1;DDX39A"
"HALLMARK_UNFOLDED_PROTEIN_RESPONSE",6.18865231332626e-08,6.18865231332626e-07,0.704975715167238,0.517014702261549,2.18695882543131,107,"STC2;XPOT;PSAT1;ERO1A;MTHFD2;IGFBP1;SLC7A5;CKS1B;POP4;ARFGAP1;LSM4;IFIT1;ASNS;NPM1;PREB;SSR1;DDIT4;PAIP1;KDELR3;PDIA6;KIF5B;WFS1;EIF4EBP1;NOP56;NFYB;SPCS1;YIF1A;CEBPB;SRPRA;SPCS3;EXOSC4;SLC1A4;SRPRB;HSP90B1;EIF2S1;NHP2;DKC1;SDAD1;DDX10"
"HALLMARK_INTERFERON_GAMMA_RESPONSE",1.46324287158997e-07,1.21936905965831e-06,0.690132458796796,0.439586123563444,1.98645914054723,167,"LY6E;IFITM3;CXCL11;OAS3;OAS2;STAT1;EPSTI1;IFI44;PARP14;RBCK1;PSMB2;UBE2L6;CXCL10;MTHFD2;BST2;NMI;RIPK2;MX1;EIF2AK2;MX2;USP18;HERC6;IFIT2;IFI44L;HELZ2;PSMB9;IFIT3;PSMA3;IFNAR2;OGFR;TAP1;BATF2;IFIT1;PLSCR1;GBP4;CASP4;XAF1;ZNFX1;RNF213;PML;ADAR;LAP3;ISG15;LYSMD2;PTGS2;PNPT1;CFB;IFI27;PSME2;IFIH1;NUP93;IL6"
"HALLMARK_GLYCOLYSIS",8.35785468433243e-05,0.00059698962030946,0.538434096309916,0.37459293771744,1.69643642776451,171,"ENO2;LDHA;PGK1;TGFBI;CHPF;RBCK1;MET;GNPDA1;STC2;ENO1;G6PD;ERO1A;P4HA1;CDK1;ALDOB;HOMER1;B3GALT6;ME1;NSDHL;PKM;POLR3K;SAP30;TALDO1;SDC3;CD44;TPI1;GPC1;PLOD1;DDIT4;AURKA;PRPS1;PAM;PDK3;KDELR3;PSMC4;SPAG4;PGAM1;HAX1;AK4;GALK1;PGM2;B3GNT3;ALDOA;SOD1;PPIA"
"HALLMARK_MYC_TARGETS_V2",0.000241938003350537,0.00151211252094086,0.518848077743792,0.482042562722643,1.83162418731709,57,"SRM;CBX3;SORD;NOC4L;NPM1;CDK4;FARSA;NOP56;LAS1L;PLK1;AIMP2;HSPD1;TCOF1;TBRG4;PPAN;RABEPK;PES1;EXOSC5;MYC;PA2G4;RCL1;BYSL;RRP9;HSPE1;TMEM97;PRMT3;NOP2;IMP4;WDR74;NDUFAF4;PLK4"
"HALLMARK_TNFA_SIGNALING_VIA_NFKB",0.000287907430542029,0.0015994857252335,0.49849310876659,-0.349526156650656,-1.60969855895195,178,"FOSB;PTGER4;SOCS3;KLF9;JUN;BMP2;KLF4;MAFF;FOS;IL6ST;FOSL2;SIK1;CCL2;MARCKS;REL;KDM6B;ID2;ICOSLG;LITAF;BTG2;JUNB;CD69;NFIL3;TUBB2A;NR4A1;PDE4B;CCNL1;F2RL1;ETS2;DUSP1;SLC2A6;PPP1R15A;PER1;PLK2;TIPARP;EGR2;BCL3;HES1;LDLR;MXD1;EFNA1;NFKB2;ATF3;DNAJB4;NR4A3;PDLIM5;IL7R;IER2;ZBTB10;SPSB1;GCH1;CDKN1A;SGK1;BTG1;SLC2A3;ZFP36;KLF6;NFKB1;RELB;EDN1;CCL5;NR4A2;HBEGF;KLF2"
"HALLMARK_DNA_REPAIR",0.000346391318197485,0.00173195659098742,0.49849310876659,0.386674421575289,1.7032677483004,142,"ADRM1;CETN2;RAE1;POLR1D;CCNO;NME1;NELFCD;GPX4;BCAP31;POLR2C;NCBP2;NME4;RALA;ADA;MPG;POLR2K;PCNA;GUK1;POLR2F;SAC3D1;RPA3;HPRT1;NELFE;TAF12;TAF9;RFC3;FEN1;TSG101;NUDT21;MRPL40;POLR2E;GTF3C5;POLR3C;TAF10;GTF2H5;UMPS;POLR2H;POLR2I;CMPK2;RFC4;ALYREF;TMED2;POLR2G;POLA2;POLR1C;TARBP2;SNAPC5;USP11;STX3;GTF2H1;POLE4;SSRP1;SEC61A1;POLB;UPF3B;XPC;LIG1;DAD1;APRT;ERCC4;ERCC1;POLR2D;TK2;RPA2;SF3A3;RBX1;POLL;SUPT4H1;DGUOK;EIF1B;GTF2H3;POLA1;GTF2A2"
"HALLMARK_PANCREAS_BETA_CELLS",0.00165116797126081,0.00750530896027639,0.45505986738723,-0.608510116201483,-1.84851691747667,21,"GCG;CHGA;SCGN;NEUROD1;INSM1;VDR;FOXO1;SYT13;MAFB"
"HALLMARK_COAGULATION",0.00523032611779203,0.0217930254908001,0.407017918923954,0.380816857930627,1.5566126044262,91,"MMP7;TIMP1;DUSP14;MMP1;KLK8;CTSH;PLAU;APOC1;KLF7;MMP11;DUSP6;ANXA1;PRSS23;GDA;TIMP3;LAMP2;C2;RGN;SERPINE1;MSRB2;MMP9;CTSB;ADAM9;F10;CFB"
"HALLMARK_ADIPOGENESIS",0.00828134523319696,0.0318513278199883,0.380730400722792,-0.303415951993859,-1.3852656836471,168,"ACADS;PDCD4;TST;SPARCL1;SULT1A1;PHLDB1;RIOK3;ADCY6;CPT2;CHCHD10;ECH1;CD36;EPHX2;CMBL;ENPP2;SCP2;MYLK;RNF11;UQCR10;ACADM;RETSAT;ACO2;PGM1;G3BP2;ELMOD3;UBC;COX8A;PFKL;MGLL;SDHB;UQCRC1;CAT;HADH"
"HALLMARK_ALLOGRAFT_REJECTION",0.0117802856224385,0.0392676187414617,0.380730400722792,0.329169328657367,1.42488239933972,127,"STAT1;TIMP1;CDKN2A;FLNA;CD47;LIF;RIPK2;NME1;CXCL13;IL1B;MRPL3;IFNAR2;TAP1;IFNGR1;GZMB;DEGS1;TNF;NPM1;C2;UBE2N;INHBB;MMP9;GBP2;CCL4;CAPG;EIF5A;IL6;LYN;HDAC9;PF4;HLA-E;TAP2;MAP3K7;ITGB2;EREG;IFNGR2;HLA-DRA;HLA-DMB;TGFB2;ABCE1;IL15;ICAM1;CD8B;RPS19;CD74"
"HALLMARK_EPITHELIAL_MESENCHYMAL_TRANSITION",0.0115579525259795,0.0392676187414617,0.380730400722792,0.325722883549281,1.41659937218516,129,"ENO2;TIMP1;TGFBI;SPP1;FSTL3;TGM2;MYL9;MMP1;FLNA;SERPINE2;PLOD3;CXCL8;CTHRC1;LAMC1;PRSS2;PVR;TIMP3;CD44;CALU;GPC1;PLOD1;SLC6A8;SNTB1;ECM1;IL32;GEM;SERPINE1;SAT1;TPM2;CXCL1;MSX1;SERPINH1;CAPG;TPM4;TGFBR3;IL6;GLIPR1;LGALS1;COL1A1;HTRA1;PMEPA1;BGN"
"HALLMARK_FATTY_ACID_METABOLISM",0.0151613437561172,0.0473791992378664,0.380730400722792,-0.325423389727295,-1.44541649147543,136,"CPT1A;CA4;ACADS;CA2;ACADVL;ADH1C;TP53INP2;FABP2;ACSM3;SUCLG2;UGDH;CPT2;HMGCS2;ECH1;ECI2;D2HGDH;SDHA;CD36;ALDH3A1;MAOA;ETFDH;GSTZ1;ACADM;RETSAT;HADHB;ACO2;HMGCL;HSD17B11;MGLL;SLC22A5;HADH;AQP7;HPGD;EHHADH;EPHX1;SUCLG1;FABP1"
"HALLMARK_XENOBIOTIC_METABOLISM",0.0175128711733886,0.0515084446276134,0.352487857583619,-0.296910351056247,-1.3361029287024,148,"ENTPD5;CA2;HSD17B2;PDK4;GCNT2;ADH1C;NDRG2;MT2A;PAPSS2;UGDH;ECH1;ID2;FAS;MAN1A1;CD36;ASL;ALDH3A1;SERTAD1;MAOA;ETFDH;SLC35D1;RETSAT;ETS2;FBLN1;ACO2;ABCC3;AKR1C2;SERPINA6;FBP1;CAT;IGFBP4;PSMB10;EPHX1;PDLIM5;CYFIP2;FABP1;HMOX1;GSR;AP4B1;GCH1;ALDH2;DHRS1;LEAP2;AKR1C3;CES1;CROT;EPHA2;CYP2J2;ARG2;GABARAPL1;CASP6;JUP"
"HALLMARK_REACTIVE_OXYGEN_SPECIES_PATHWAY",0.0197889160289213,0.0549692111914481,0.352487857583619,0.43047513324822,1.5529646696009,43,"PRDX1;NQO1;PRNP;PRDX4;G6PD;PRDX2;GPX4;GLRX2;FTL;TXNRD1;ATOX1"
"HALLMARK_G2M_CHECKPOINT",0.0230889135682437,0.0577222839206092,0.352487857583619,0.286641027873395,1.30441960287754,182,"CDC25B;UBE2C;CDK1;SLC7A5;CKS1B;HMGA1;SAP30;MYBL2;MAD2L1;CDKN3;AURKA;PTTG1;TPX2;CDK4;HSPA8;CDC45;PML;KIF5B;CCND1;AURKB;BIRC5;MAPK14;DTYMK;PLK1;CDC6;SQLE;CUL4A;CCNA2;DKC1;TROAP;TTK;HMGB3;NEK2;SMC1A;CBX1;MKI67;SNRPD1;RAD23B;BUB3;ORC6;UBE2S;CCNF;FBXO5;MYC;SUV39H1;CKS2;BRCA2;TOP1;XPO1;CCNB2;PRC1;KIF2C;E2F1;NUSAP1;POLA2;UCK2;TFDP1;TACC3;STMN1;CHEK1;BUB1;ODF2;RASAL2;TMPO;E2F4"
"HALLMARK_HEME_METABOLISM",0.0222786008582732,0.0577222839206092,0.352487857583619,-0.28976903527924,-1.31257630856271,157,"CA1;CA2;NR3C1;ALDH6A1;TRAK2;RIOK3;FBXO34;BMP2K;RBM38;SELENBP1;SLC30A10;SLC30A1;ELL2;BTG2;ABCG2;DAAM1;E2F2;NNT;ACKR1;SIDT2;KLF3;ATP6V0A1;EPB41;TNRC6B;TMEM9B;TRIM58;USP15;CTSE;BCAM;UBAC1;CAT;YPEL5;RNF19A;MFHAS1;ADD1;ALDH1L1;BACH1;ENDOD1"
"HALLMARK_KRAS_SIGNALING_DN",0.0255142965729297,0.0579870376657493,0.352487857583619,-0.352389061176784,-1.42342969806964,73,"INSL5;CLDN8;ZBTB16;HSD11B2;CAMK1D;AKR1B10;SIDT1;BTG2;CAPN9;GP2;CNTFR;TFCP2L1;CCDC106;STAG3;FGFR3;YBX2;SYNPO;MAGIX;PDK2;EDN2;ASB7;GPRC5C;SGK1;MFSD6"
"HALLMARK_TGF_BETA_SIGNALING",0.0249771534871838,0.0579870376657493,0.352487857583619,-0.392597191124775,-1.47475597217446,50,"BMP2;SMAD7;THBS1;ID2;JUNB;ID3;ID1;APC;SMURF2;PPP1R15A;SLC20A1;HDAC1;PPM1A"
"HALLMARK_CHOLESTEROL_HOMEOSTASIS",0.0574074074074074,0.114814814814815,0.257206466468838,0.35183010367503,1.37152735530398,66,"TRIB3;SCD;S100A11;NSDHL;ALDOC;CXCL16;DHCR7;CTNNB1;PLSCR1;PDK3;EBP;FBXO6;TM7SF2;FDPS;SQLE;MAL2;ANXA5;HSD17B7;JAG1;ACAT2;FASN;SC5D;ALCAM;TNFRSF12A;IDI1;SEMA3B;TMEM97"
"HALLMARK_IL2_STAT5_SIGNALING",0.0530164533820841,0.114814814814815,0.266350657088526,0.289456587908394,1.28619842361625,152,"ETV4;IFITM3;BCL2L1;SPP1;PRNP;TGM2;CD81;ANXA4;BHLHE40;CXCL10;P4HA1;LIF;GPX4;PDCD2L;PRAF2;PHLDA1;IFNGR1;PLSCR1;GBP4;CD44;DCPS;NCS1;ECM1;CDC6;PTRH2;TNFRSF1B;AHCY;CAPG;ENPP1;ITGAE;CCNE1;MAP3K8;ADAM19;AHR;GSTO1;SYNGR2;HUWE1;MYC;UMPS;AMACR"
"HALLMARK_PROTEIN_SECRETION",0.0568181818181818,0.114814814814815,0.261663521711573,0.320646057168496,1.31830592611036,93,"PPT1;SCRN1;YKT6;BET1;AP3S1;RAB22A;LAMP2;PAM;CLN5;VAMP3;TSG101;SCAMP3;SOD1;ERGIC3;YIPF6;M6PR;STX16;CLTA;ARFGAP3;ANP32E;COPB2;KRT18;STAM;TMED2;ICA1;VAMP7"
"HALLMARK_UV_RESPONSE_DN",0.0611353711790393,0.117568021498153,0.271288554688953,-0.302464820962669,-1.30360767079285,113,"NR3C1;SMAD7;KCNMA1;NOTCH2;SRI;EFEMP1;MT1E;ADGRL2;PHF3;LPAR1;ID1;CDC42BPA;SIPA1L1;DUSP1;PRKAR2B;PTEN;DYRK1A;MGLL;LDLR;RASA2;CITED2;RXRA;YTHDC1;PDLIM5;ERBB2;DDAH1;ARHGEF9;PTPN21;NIPBL;KALRN;NFKB1;PRKCA;PRKCE;VLDLR;CAV1;GCNT1;SYNJ2;ADD3;TJP1;PLPP3;DLG1;HAS2"
"HALLMARK_COMPLEMENT",0.0671506352087114,0.12435302816428,0.234392647294686,0.28256876471981,1.25376993628939,148,"S100A9;TIMP1;CTSH;APOC1;ME1;LIPA;MMP12;PSMB9;DUSP6;FCER1G;GZMB;PDP1;PLSCR1;CASP4;MSRB1;LAMP2;C4BPB;DUSP5;PPP4C;GNAI2;ATOX1;C2;LAP3;CEBPB;SERPINE1;CD46;CXCL1;ANXA5;CTSB;ADAM9;F10;CFB;IL6;PLA2G7;TIMP2;LYN"
"HALLMARK_HYPOXIA",0.0731261425959781,0.130582397492818,0.224966093540314,0.278385307906493,1.24845939458948,161,"ENO2;SLC6A6;LDHA;PGK1;TGFBI;TGM2;STC2;SULT2B1;ENO1;BHLHE40;S100A4;ERO1A;P4HA1;ALDOB;IGFBP1;KLF7;SLC2A1;B3GALT6;GAPDH;ALDOC;SAP30;SCARB1;SDC3;TPI1;GPC1;DDIT4;AKAP12;PAM;PDK3;KDELR3;HS3ST1"
"HALLMARK_INFLAMMATORY_RESPONSE",0.0925925925925926,0.159642401021711,0.199915231309662,0.288411376186323,1.23997644961349,120,"LY6E;CXCL11;IFITM1;TIMP1;MET;ADRM1;CXCL10;BST2;IRAK2;LIF;NMI;RIPK2;EIF2AK2;CXCL8;IL1B;LAMP3;PVR;SEMA4D"
"HALLMARK_KRAS_SIGNALING_UP",0.100877192982456,0.16812865497076,0.208955027549354,-0.268658886499205,-1.20842628638292,151,"ADAMDEC1;CA2;HOXD11;TPH1;EPB41L3;BMP2;KLF4;SPARCL1;PLVAP;KIF5C;GNG11;TNNT2;CFH;VWA5A;ID2;TSPAN7;MTMR10;FGF9;CXCR4;F2RL1;SPON1;DNMBP;NR1H4;CTSS;PPP1R15A;TSPAN1;PCSK1N;PLAT;FUCA1;MPZL2;PIGR"
"HALLMARK_ESTROGEN_RESPONSE_LATE",0.105032822757112,0.169407778640503,0.204294756516886,-0.266634927446405,-1.21350846306709,165,"CA12;CA2;PDCD4;SLC26A2;NPY1R;BCL2;RAPGEFL1;KLF4;TST;NRIP1;FOS;IL6ST;AFF1;PAPSS2;UGDH;HMGCS2;ID2;EMP2;FKBP5;NBL1;IMPA2;FABP5;BAG1;SLC27A2;HR;SCUBE2;UNC13B;OLFM1;LLGL2;COX6C;TIAM1;PRKAR2B;SCNN1A;TJP3;FGFR3;ST14;CKB;SLC22A5;CXCL12;IGFBP4;PRLR"
"HALLMARK_OXIDATIVE_PHOSPHORYLATION",0.14161220043573,0.214563940054136,0.173747838999571,-0.252972482986392,-1.16675424472647,182,"CPT1A;PDK4;ALDH6A1;ACADVL;CASP7;NDUFB1;ECH1;SDHA;MPC1;COX7C;SLC25A20;ETFDH;UQCR10;ACADM;NNT;RETSAT;HADHB;ACO2;NDUFA2;AFG3L2;NDUFA1;ACAT1;NDUFV1;COX6C;COX10;HADHA;NDUFA3;NDUFS7;COX8A;COX5A;SDHB;UQCRC1;COX5B;UQCRC2;ACADSB;SUCLG1;BDH2;UQCR11;ETFA;SDHD;NDUFA5;NDUFC1;COX4I1;NDUFB7;UQCRB;OXA1L;DLST;COX11;COX6B1;SURF1;NDUFA7;ECI1;UQCRQ"
"HALLMARK_UV_RESPONSE_UP",0.138376383763838,0.214563940054136,0.160801401070022,0.269716909215742,1.17826977275118,135,"GRINA;ENO2;GAL;ATP6V1F;CYB5B;PPT1;EIF2S3;CDC34;BID;YKT6;ATP6V1C1;TAP1;ALAS1;HYAL2;KCNH2;ASNS;SLC6A8;C4BPB;TUBA4A;SIGMAR1;TYRO3;STIP1;E2F5;STARD3;FEN1;NUP58;CREG1;GGH;MSX1;PDAP1;ALDOA;CCNE1;IL6"
"HALLMARK_APOPTOSIS",0.191528545119705,0.281659625176037,0.134273452883202,0.257941905130861,1.13621202601065,142,"IFITM3;ENO2;BCL2L1;TIMP1;CDC25B;PPT1;BID;GPX4;BCAP31;IL1B;GPX1;ANXA1;TAP1;IFNGR1;CTNNB1;TIMP3;TNF;CD44;CASP4;EBP;CCND1;VDAC2;SAT1;DDIT3;DAP3;CFLAR;SOD1;TGFBR3;IL6;DFFA;TIMP2"
"HALLMARK_ANGIOGENESIS",0.208413001912046,0.297732859874351,0.130777137971974,0.401307368977882,1.23003741052217,22,"TIMP1;SPP1;S100A4;MSX1;JAG1;PF4"
"HALLMARK_APICAL_SURFACE",0.240083507306889,0.324437172036337,0.126875729929857,-0.361297908870053,-1.16916852387701,26,"EFNA5;ATP8B1;AKAP7;GSTM3;APP;SRPX"
"HALLMARK_IL6_JAK_STAT3_SIGNALING",0.237068965517241,0.324437172036337,0.130105630751129,-0.287174377124885,-1.12585562379666,63,"IL1R2;ACVRL1;SOCS3;JUN;IL6ST;STAT3;FAS;CD36;IL3RA;A2M;CNTFR;ACVR1B;IL10RB;PLA2G2A"
"HALLMARK_PI3K_AKT_MTOR_SIGNALING",0.270676691729323,0.35615354174911,0.11146266692298,0.266691576958427,1.09536681345778,92,"TRIB3;CDK1;SLC2A1;PLCB1;CDK4;CSNK2B;UBE2N;PLCG1;HSP90B1;THEM4;DDIT3;HRAS;RALB;YWHAB;RAC1;PTPN11;CALR;ARPC3;MAPKAP1;MAP3K7;DUSP3;E2F1;ACTR3;DAPP1;PIN1;PRKAG1;ARHGDIA;MAPK8;ACACA;NOD1;GSK3B;PPP1CA"
"HALLMARK_NOTCH_SIGNALING",0.279749478079332,0.358653177024785,0.116234148779716,-0.350328489114935,-1.13367122375981,26,"NOTCH2;FZD1;DLL1;MAML2;HES1;ARRB1;FZD5;TCF7L2;NOTCH1;PRKCA"
"HALLMARK_HEDGEHOG_SIGNALING",0.318565400843882,0.397520549791133,0.108394255853397,-0.339233767344011,-1.10516032640981,27,"UNC5C;TLE3;RTN1;ETS2;CNTFR;HEY1;TLE1;CDK6;SCG2;VLDLR;MYH9"
"HALLMARK_P53_PATHWAY",0.325966850828729,0.397520549791133,0.0985499803531691,0.232630567516377,1.05863377182319,182,"TRIB3;PROCR;CDKN2A;CD81;PERP;S100A4;KLK8;LIF;PHLDA3;PITPNC1;PVT1;LDHB;ADA;SLC7A11;TAP1;TPD52L1;PCNA;SLC3A2;MAPKAPK3;TPRKB;DDIT4;NINJ1;BLCAP;DRAM1;GLS2;TM4SF1;IRAK1;INHBB;SAT1;DDIT3;HRAS"
"HALLMARK_ESTROGEN_RESPONSE_EARLY",0.37037037037037,0.440917107583774,0.0913924325943768,0.229932848742662,1.0377943934468,166,"KLK10;TGM2;STC2;SULT2B1;BHLHE40;ELOVL5;ANXA9;SLC2A1;TMPRSS3;SEC14L2;SLC7A5;DYNLT3;PTGES;PRSS23;DHCR7;SCARB1;TPD52L1;KCNK5;SLC39A6;CD44;FOXC1;PODXL;SH3BP5;ZNF185;WFS1;CCND1;UNC119;ARL3;INHBB;SLC1A4;REEP1;NXT1;KRT15;SLC16A1"
"HALLMARK_WNT_BETA_CATENIN_SIGNALING",0.404580152671756,0.470442037990414,0.0880945010398517,0.293933651138713,1.03008875246224,36,"NKD1;CTNNB1;SKP2;WNT6;KAT2A;NCOR2;JAG1;MYC;HDAC2;PSEN2;AXIN2"
"HALLMARK_APICAL_JUNCTION",0.494505494505495,0.561938061938062,0.0751181635276301,0.228347843955798,0.993502467593532,128,"CDH3;TGFBI;CNN2;MYL9;EPB41L2;TUBG1;RRAS;CERCAM;SDC3;DSC3;KCNH2;ZYX;CD276;GNAI2;MAPK14;PLCG1;ITGA9;INSIG1;HRAS;MMP9;ADAM9;MPZL1;AMIGO2;CDK8;RHOF"
"HALLMARK_MYOGENESIS",0.543893129770992,0.604325699745547,0.0723570851036907,0.228914471977639,0.973517521228668,118,"SCD;TEAD4;NQO1;PRNP;STC2;CKMT2;BHLHE40;KIFC3;PDLIM7;MYL6B;TPD52L1;KCNH2;SLC6A8;MAPK12;CRYAB;ATP6AP1;FDPS;REEP1;PFKM;TPM2;PTP4A3"
"HALLMARK_ANDROGEN_RESPONSE",0.59656652360515,0.648441873483859,0.0736212741014394,-0.221183290464817,-0.924679510634588,86,"SLC26A2;PLPP1;SPDEF;ADAMTS1;FKBP5;ELL2;TPD52;SLC38A2;TMPRSS2;GPD1L;IQGAP2;APPBP2;PTK2B;HPGD;PDLIM5;GSR;ZBTB10;CDK6;UAP1;PTPN21;SGK1;SRF;MAP7;AKT1;HERC3"
"HALLMARK_BILE_ACID_METABOLISM",0.644251626898048,0.671095444685466,0.0702812841717392,-0.220711756143924,-0.902617752028365,77,"NR3C2;PXMP2;ABCA5;SULT1B1;EPHX2;SCP2;SLC27A2;RETSAT;TFCP2L1;NR1H4;HSD17B11;SERPINA6;CAT;RXRA;TTR;PEX6;AGXT"
"HALLMARK_PEROXISOME",0.635496183206107,0.671095444685466,0.0646484568421928,0.226664035428653,0.924492028910369,90,"FABP6;PRDX1;SULT2B1;ELOVL5;IDE;ITGB1BP1;FADS1;ACSL4;FDPS;HRAS;ATXN1;RDH11;SLC35B2;SOD1;CDK7;ABCD1;CRABP2;DHCR24;GNPAT;ACSL1;IDI1;CTPS1;PEX11B;CNBP;SLC25A17;PEX5"
"HALLMARK_MITOTIC_SPINDLE",0.789130434782609,0.789130434782609,0.0605092988656667,-0.190942903410601,-0.88521875769664,188,"FGD4;AKAP13;NOTCH2;MARCKS;NET1;ABL1;PCNT;ARHGAP27;SHROOM1;NEDD9;APC;SUN2;WASL;CDC42BPA;PCM1;TIAM1;EPB41;RABGAP1;CDC42EP4;RASA2;SYNPO;RAPGEF5;LMNB1;EZR;KIF1B;SORBS2;PDLIM5;ABR;ARF6;TUBGCP6;KIFAP3;PALLD;GSN;SPTAN1;ARHGEF2;MYO1E;TUBD1;ROCK1;TLK1;CEP192;TSC1;DYNC1H1;WASF2;KIF22;ARHGEF11;BCAR1;CSNK1D;NUMA1;MYH9;CNTROB"
"HALLMARK_SPERMATOGENESIS",0.787037037037037,0.789130434782609,0.0531298054705469,0.212952003863051,0.830143571042302,66,"CDK1;CLPB;IDE;TALDO1;TSN;TNNI3;PSMG1;CDKN3;AURKA;CSNK2A2;NPHP1"
