"p_val","avg_log2FC","pct.1","pct.2","p_val_adj","cluster","gene"
0,4.4818858284074,0.397,0.09,0,"0","TNFRSF4"
0,3.72679981426821,0.263,0.033,0,"0","CCR6"
0,3.33810053711301,0.324,0.08,0,"0","BATF"
0,3.24064552915238,0.416,0.06,0,"0","ICOS"
0,3.1797387388264,0.728,0.156,0,"0","LTB"
0,3.09467278842025,0.257,0.05,0,"0","TNFRSF25"
0,2.5708599462437,0.641,0.148,0,"0","IL7R"
0,2.56024457238061,0.261,0.061,0,"0","CCR7"
0,2.4602081874005,0.589,0.136,0,"0","SPOCK2"
0,2.40658263035006,0.34,0.151,0,"0","TNFRSF18"
0,5.94176992688019,0.313,0.052,0,"1","GNLY"
0,5.9021718443206,0.34,0.016,0,"1","KLRD1"
0,5.86915282850969,0.4,0.019,0,"1","GZMH"
0,5.53397506900916,0.811,0.081,0,"1","NKG7"
0,5.29619804981184,0.291,0.016,0,"1","TRGC2"
0,5.23983423885311,0.402,0.028,0,"1","PRF1"
0,5.13092834814424,0.368,0.026,0,"1","GZMK"
0,5.11650196933718,0.506,0.03,0,"1","CD8A"
0,4.91205006315149,0.777,0.073,0,"1","GZMA"
0,4.79885643274104,0.354,0.028,0,"1","CD8B"
0,5.62377614967511,0.296,0.002,0,"2","AC021218.2"
0,5.41280658553365,0.304,0.002,0,"2","RP11-54H7.4"
0,5.35431565636779,0.269,0.003,0,"2","KRT80"
0,5.19296551582457,0.511,0.008,0,"2","KRT23"
0,5.18888597927732,0.289,0.004,0,"2","CA9"
0,5.01735967519929,0.284,0.003,0,"2","ACE2"
0,4.93614736424887,0.853,0.034,0,"2","CEACAM6"
0,4.9126291752633,0.761,0.021,0,"2","FERMT1"
0,4.87170652504561,0.261,0.002,0,"2","CDH3"
0,4.77760605884584,0.433,0.011,0,"2","NOX1"
0,9.19682956191533,0.59,0.015,0,"3","S100A8"
0,9.05645769722523,0.41,0.004,0,"3","AQP9"
0,8.35313676847886,0.293,0.002,0,"3","CLEC4E"
0,8.14469440470868,0.265,0.003,0,"3","FCN1"
0,8.03867671463371,0.827,0.061,0,"3","S100A9"
0,7.80776187624742,0.265,0.004,0,"3","IL1A"
0,7.70438417933544,0.834,0.064,0,"3","IL1B"
0,7.58485040542781,0.255,0.003,0,"3","CLEC5A"
0,7.54032213640407,0.423,0.008,0,"3","OLR1"
0,7.47312822862242,0.267,0.023,0,"3","CCL18"
0,7.20810080380978,0.972,0.302,0,"4","IGHA2"
0,7.19919176460895,0.998,0.573,0,"4","IGHA1"
0,6.79819319488071,0.998,0.425,0,"4","JCHAIN"
0,6.52248900718586,0.417,0.036,0,"4","IGLC7"
0,6.43740149869853,0.55,0.187,0,"4","IGHM"
0,5.53324599642211,0.719,0.02,0,"4","TNFRSF17"
0,5.37362303206198,0.872,0.037,0,"4","AL928768.3"
0,5.12732807417585,0.408,0.011,0,"4","RP11-290F5.1"
0,5.0999347525576,0.86,0.353,0,"4","IGLC3"
0,4.8877741981895,0.456,0.015,0,"4","CCR10"
0,8.67617653514228,0.286,0.002,0,"5","IGHD"
0,8.03461449533723,0.711,0.007,0,"5","MS4A1"
0,7.80351286643036,0.656,0.017,0,"5","BANK1"
0,6.59550105919543,0.374,0.016,0,"5","CD19"
0,6.49716173570124,0.515,0.02,0,"5","TNFRSF13C"
0,6.33326959976049,0.315,0.012,0,"5","BLK"
0,5.94900482456785,0.56,0.038,0,"5","VPREB3"
0,5.46230746082353,0.274,0.021,0,"5","RP5-887A10.1"
0,4.6684144930922,0.551,0.065,0,"5","LY9"
0,4.58275902250602,0.912,0.13,0,"5","CD79A"
0,10.3008227828989,0.61,0.001,0,"6","TM4SF18"
0,9.86511657853246,0.543,0.001,0,"6","MYCT1"
0,9.76412044109229,0.837,0.01,0,"6","CLDN5"
0,9.52071765750566,0.49,0.002,0,"6","SOX17"
0,9.51747295994746,0.67,0.002,0,"6","CDH5"
0,9.38321977795613,0.76,0.005,0,"6","RAMP3"
0,9.3726689538468,0.419,0.001,0,"6","SOX18"
0,9.31688131081587,0.846,0.021,0,"6","PLVAP"
0,9.312595706087,0.532,0.002,0,"6","APLNR"
0,9.30333698330256,0.318,0,0,"6","ARHGEF15"
0,10.0047047354175,0.9,0.013,0,"7","IGHGP"
0,9.94659796457687,0.939,0.053,0,"7","IGHG2"
0,9.64276810268193,0.974,0.189,0,"7","IGHG1"
0,8.77345635388268,0.992,0.262,0,"7","IGHG3"
0,8.07449617381501,0.99,0.305,0,"7","IGHG4"
0,5.25790211292248,0.32,0.013,0,"7","FAM92B"
0,4.76199389131347,0.352,0.016,0,"7","RP11-16E12.2"
0,4.54837868514917,0.42,0.027,0,"7","IGLV3-1"
0,4.30471536548176,0.563,0.045,0,"7","JSRP1"
0,4.17317056631293,0.262,0.025,0,"7","DNAAF1"
0,8.61170575214655,0.493,0.003,0,"8","SFTA1P"
0,8.5922855559221,0.974,0.069,0,"8","ADAMDEC1"
0,8.25640582299525,0.702,0.006,0,"8","STMN2"
0,7.91946136599866,0.726,0.006,0,"8","HAPLN1"
0,7.48712184891638,0.576,0.019,0,"8","CCL13"
0,6.57452031034114,0.708,0.022,0,"8","EDIL3"
0,6.57183491376739,0.824,0.019,0,"8","LINC01082"
0,6.34137627556203,0.84,0.02,0,"8","ABCA8"
0,6.33161979412531,0.53,0.016,0,"8","CCL11"
0,6.19399434996532,0.869,0.032,0,"8","TCF21"
0,3.18635025123864,0.251,0.076,0,"9","IGF2"
0,3.15409660487141,0.523,0.15,0,"9","S100P"
0,2.86746295224476,0.327,0.114,0,"9","TFF1"
0,2.73174634473621,0.277,0.136,0,"9","SLPI"
0,2.69282142153749,0.253,0.113,0,"9","ANXA3"
0,2.64725059202935,0.377,0.138,0,"9","SPINK1"
0,2.57329944279162,0.325,0.14,0,"9","PRAP1"
0,2.49755339537309,0.543,0.185,0,"9","GPX2"
0,2.41965952981398,0.358,0.149,0,"9","LCN2"
0,2.36783972500375,0.313,0.161,0,"9","NQO1"
0,10.662205129427,0.388,0.001,0,"10","KRT24"
0,9.55266205786115,0.615,0.006,0,"10","PCOLCE2"
0,9.32604719786704,0.599,0.004,0,"10","PI16"
0,8.79547568285207,0.785,0.019,0,"10","MFAP5"
0,8.7283251713336,0.258,0.001,0,"10","FIGF"
0,8.49279924323174,0.531,0.003,0,"10","SHISA3"
0,8.29758113699519,0.327,0.002,0,"10","AOX1"
0,8.1395139885232,0.846,0.008,0,"10","OGN"
0,8.03752633827905,0.376,0.002,0,"10","OMD"
0,7.78832716294795,0.864,0.02,0,"10","DPT"
0,7.05755775760805,0.649,0.019,0,"11","ADH1C"
0,6.64159134087953,0.47,0.007,0,"11","NXPE4"
0,6.14880372239333,0.368,0.007,0,"11","UGT2A3"
0,6.04706632356272,0.703,0.022,0,"11","HMGCS2"
0,5.74814009520354,0.25,0.006,0,"11","RP11-519G16.5"
0,5.69555895934562,0.524,0.013,0,"11","MUC4"
0,5.41226620714034,0.653,0.054,0,"11","WFDC2"
0,5.37067949707674,0.273,0.005,0,"11","HEPACAM2"
0,5.16836848836133,0.277,0.006,0,"11","GPT"
0,5.15361536057977,0.445,0.039,0,"11","PRAC1"
0,9.33263541352209,0.377,0.001,0,"12","COL10A1"
0,9.26597002500479,0.407,0.001,0,"12","COL11A1"
0,8.92937601044755,0.402,0.001,0,"12","WNT2"
0,8.57550365262344,0.314,0.001,0,"12","PLPP4"
0,8.23151913665207,0.328,0.001,0,"12","WISP1"
0,7.35752541290464,0.907,0.037,0,"12","CTHRC1"
0,7.00808506928757,0.79,0.016,0,"12","THBS2"
0,6.88252487820147,0.432,0.007,0,"12","COL7A1"
0,6.77968666017707,0.99,0.128,0,"12","COL1A1"
0,6.7055698506067,0.398,0.005,0,"12","TWIST1"
0,11.2385641841284,0.276,0.001,0,"13","RERGL"
0,9.31774755234524,0.433,0.005,0,"13","PLN"
0,9.0560715063699,0.332,0.003,0,"13","C2orf40"
0,8.65109338297196,0.583,0.01,0,"13","MYH11"
0,7.97956827032219,0.477,0.005,0,"13","COX4I2"
0,7.76384078562941,0.29,0.004,0,"13","KCNJ8"
0,7.57193516689456,0.323,0.003,0,"13","CDH6"
0,7.35107077088218,0.272,0.004,0,"13","ENPEP"
0,7.34101245151552,0.295,0.004,0,"13","FOXS1"
0,7.33445026983031,0.309,0.005,0,"13","ITGA7"
0,9.0406208413703,0.324,0.001,0,"14","LILRA4"
0,6.80686043424759,0.293,0.004,0,"14","FCER1A"
0,6.3888299946,0.455,0.014,0,"14","CLEC10A"
0,6.29357993369074,0.474,0.012,0,"14","PLD4"
0,6.14723615495482,0.369,0.008,0,"14","DNASE1L3"
0,5.03109161844031,0.275,0.01,0,"14","CD1C"
0,5.01101883322654,0.305,0.018,0,"14","P2RY6"
0,4.63340661392176,0.54,0.074,0,"14","CPVL"
0,4.5907912844879,0.336,0.036,0,"14","GPR157"
0,4.53259477069425,0.493,0.026,0,"14","CSF2RA"
0,10.3545708679954,0.909,0.059,0,"15","GUCA2B"
0,10.3034060439979,0.483,0.004,0,"15","OTOP2"
0,9.75094483475748,0.923,0.074,0,"15","GUCA2A"
0,9.61761963884687,0.507,0.008,0,"15","BEST4"
0,9.152833053647,0.781,0.018,0,"15","LYPD8"
0,8.8471987301034,0.469,0.019,0,"15","AQP8"
0,8.71942496402013,0.536,0.01,0,"15","CLCA4"
0,8.39261784293467,0.45,0.072,0,"15","ZG16"
0,8.30452144028131,0.308,0.004,0,"15","MYOM1"
0,8.09462114329679,0.401,0.011,0,"15","CA7"
0,5.38274578008316,0.624,0.064,0,"16","TYMS"
0,5.05380664712925,0.275,0.028,0,"16","AURKB"
0,4.93552208404264,0.467,0.053,0,"16","MKI67"
0,4.92404863372355,0.72,0.09,0,"16","KIAA0101"
0,4.90028757460075,0.415,0.048,0,"16","RRM2"
0,4.88794678478204,0.354,0.038,0,"16","TOP2A"
0,4.64180418390245,0.459,0.06,0,"16","ZWINT"
0,4.63884160325228,0.519,0.063,0,"16","BIRC5"
0,4.60044746691061,0.92,0.257,0,"16","STMN1"
0,4.58940328622714,0.508,0.053,0,"16","NUSAP1"
0,13.3553042982303,0.734,0,0,"17","CDH19"
0,12.7004338200931,0.329,0,0,"17","SOX10"
0,12.4916849270525,0.917,0.002,0,"17","PLP1"
0,12.3568239614017,0.574,0,0,"17","PCSK2"
0,12.0854153046825,0.862,0.001,0,"17","NRXN1"
0,11.9089921295171,0.761,0.001,0,"17","MYOT"
0,11.860989178653,0.488,0.001,0,"17","FOXD3-AS1"
0,10.9716916916834,0.339,0.001,0,"17","LRRTM1"
0,10.6981641934343,0.509,0.001,0,"17","XKR4"
0,10.662429682253,0.654,0.001,0,"17","GFRA3"
0,12.2511198604034,0.565,0.001,0,"18","VSTM2A"
0,11.337649908944,0.281,0,0,"18","DHRS7C"
0,9.28582359604093,0.676,0.004,0,"18","ENHO"
0,9.19134920756391,0.253,0.001,0,"18","COL4A6"
0,8.57803073744943,0.257,0.001,0,"18","GLP2R"
0,8.48284398288644,0.502,0.003,0,"18","TRPA1"
0,7.99276303449766,0.668,0.007,0,"18","BMP5"
0,7.79933581986995,0.387,0.004,0,"18","COL4A5"
0,7.54224663176182,0.285,0.003,0,"18","PTGDR2"
0,7.36924735569351,0.589,0.011,0,"18","SOX6"
0,13.6314372665479,1,0.009,0,"19","TPSAB1"
0,12.9634435431537,1,0.027,0,"19","TPSB2"
0,12.4611660301958,0.321,0.001,0,"19","CTSG"
0,12.3525902692988,0.658,0.001,0,"19","MS4A2"
0,12.2154191357489,0.908,0.003,0,"19","CPA3"
0,11.7964605156806,0.403,0.001,0,"19","RP11-354E11.2"
0,11.7054435816663,0.556,0.001,0,"19","SLC18A2"
0,11.4299031470322,0.52,0.001,0,"19","HDC"
0,10.1073174209435,0.781,0.004,0,"19","HPGDS"
0,8.86209901193297,0.724,0.018,0,"19","GATA2"
0,5.09343303952897,0.425,0.023,0,"20","HMMR"
0,4.85967897327162,0.358,0.021,0,"20","CEP55"
0,4.8248705854175,0.613,0.04,0,"20","TOP2A"
0,4.79598533122783,0.396,0.017,0,"20","SHCBP1"
0,4.58545245425696,0.283,0.015,0,"20","KIF11"
0,4.54354768518472,0.34,0.024,0,"20","ANLN"
0,4.5266945123684,0.302,0.021,0,"20","GTSE1"
0,4.52447956909881,0.689,0.044,0,"20","CDK1"
0,4.48100517854362,0.311,0.017,0,"20","SPC24"
0,4.46095320000612,0.274,0.011,0,"20","RNASE2"
